date,ticker,price,volume
11/1/2024,OOGL,171.29,31796.48
11/4/2024,OOGL,169.24,21492.74
11/5/2024,OOGL,169.74,18242.051
11/6/2024,OOGL,176.51,33695.539
11/7/2024,OOGL,180.75,25352.939
11/8/2024,OOGL,178.35,22006.18
11/11/2024,OOGL,180.35,17450.35
11/12/2024,OOGL,181.62,25134.91
11/13/2024,OOGL,178.88,23184
11/14/2024,OOGL,175.58,31007.461
11/15/2024,OOGL,172.49,32504.65
11/18/2024,OOGL,175.3,20206.609
11/19/2024,OOGL,178.12,23434.93
11/20/2024,OOGL,175.98,18997.109
11/21/2024,OOGL,167.63,59734.379
11/22/2024,OOGL,164.76,38604.594
11/25/2024,OOGL,167.65,33135.262
11/26/2024,OOGL,169.12,20486.721
11/27/2024,OOGL,169.23,19266.51
11/28/2024,OOGL,169.23,0
11/29/2024,OOGL,168.95,14257.24
12/2/2024,OOGL,171.49,23789.08
12/3/2024,OOGL,171.34,22248.711
12/4/2024,OOGL,174.37,31615.141
12/5/2024,OOGL,172.64,21356.24
12/6/2024,OOGL,174.71,21462.391
12/9/2024,OOGL,175.37,25389.631
12/10/2024,OOGL,185.17,54813.02
12/11/2024,OOGL,195.4,67894.07
12/12/2024,OOGL,191.96,34817.488
12/13/2024,OOGL,189.82,25143.5
12/16/2024,OOGL,196.66,44934.898
12/17/2024,OOGL,195.42,43504.031
12/18/2024,OOGL,188.4,34166.07
12/19/2024,OOGL,188.51,32265.24
12/20/2024,OOGL,191.41,63462.93
12/23/2024,OOGL,194.63,25675.01
12/24/2024,OOGL,196.11,10403.26
12/25/2024,OOGL,196.11,0
12/26/2024,OOGL,195.6,12057.21
12/27/2024,OOGL,192.76,18891.359
12/30/2024,OOGL,191.24,14264.66
12/31/2024,OOGL,189.3,17466.92
1/1/2025,OOGL,189.3,0
1/2/2025,OOGL,189.43,20370.83
1/3/2025,OOGL,191.79,18596.16
1/6/2025,OOGL,196.87,29563.641
1/7/2025,OOGL,195.49,26487.24
1/8/2025,OOGL,193.95,24864.77
1/9/2025,OOGL,193.95,0
1/10/2025,OOGL,192.04,26665.211
1/13/2025,OOGL,191.01,21823.699
1/14/2025,OOGL,189.66,17174.85
1/15/2025,OOGL,195.55,21775.971
1/16/2025,OOGL,192.91,17815.43
1/17/2025,OOGL,196,27735.09
1/20/2025,OOGL,196,0
1/21/2025,OOGL,198.05,29971.289
1/22/2025,OOGL,198.37,26200.619
1/23/2025,OOGL,197.98,26951.359
1/24/2025,OOGL,200.21,23877.52
1/27/2025,OOGL,191.81,41728.887
1/28/2025,OOGL,195.3,24157.93
1/29/2025,OOGL,195.41,18218.26
1/30/2025,OOGL,200.87,24354.68
1/31/2025,OOGL,204.02,32041.949
2/3/2025,OOGL,201.23,27838.35
2/4/2025,OOGL,206.38,43856.434
2/5/2025,OOGL,191.33,70461.766
2/6/2025,OOGL,191.6,29297.439
2/7/2025,OOGL,185.34,49314.961
2/10/2025,OOGL,186.47,23105.65
2/11/2025,OOGL,185.32,21239.52
2/12/2025,OOGL,183.61,22072.561
2/13/2025,OOGL,186.14,21402.52
2/14/2025,OOGL,185.23,20448.439
2/17/2025,OOGL,185.23,0
2/18/2025,OOGL,183.77,29916.68
2/19/2025,OOGL,185.27,19549.4
2/20/2025,OOGL,184.56,20441.461
2/21/2025,OOGL,179.66,35199.238
2/24/2025,OOGL,179.25,29854.211
2/25/2025,OOGL,175.42,41913.406
2/26/2025,OOGL,172.73,35431.273
2/27/2025,OOGL,168.5,39991.02
2/28/2025,OOGL,170.28,48130.566
3/3/2025,OOGL,167.01,40770.449
3/4/2025,OOGL,170.92,45388
3/5/2025,OOGL,173.02,30954.92
3/6/2025,OOGL,172.35,28301.949
3/7/2025,OOGL,173.86,27385.811
3/10/2025,OOGL,165.87,43604.031
3/11/2025,OOGL,164.04,39587.406
3/12/2025,OOGL,167.11,28372.4
3/13/2025,OOGL,162.76,31756.211
3/14/2025,OOGL,165.49,31995.891
3/17/2025,OOGL,164.29,31184.34
3/18/2025,OOGL,160.67,42074.754
3/19/2025,OOGL,163.89,34275.578
3/20/2025,OOGL,162.8,28138.461
3/21/2025,OOGL,163.99,36625.762
3/24/2025,OOGL,167.68,30879.131
3/25/2025,OOGL,170.56,24174.369
3/26/2025,OOGL,165.06,28939.33
3/27/2025,OOGL,162.24,24508.27
3/28/2025,OOGL,154.33,48669.34
3/31/2025,OOGL,154.64,54603.461
4/1/2025,OOGL,157.07,30672.9
4/2/2025,OOGL,157.04,25041.73
4/3/2025,OOGL,150.72,46883.367
4/4/2025,OOGL,145.6,62259.539
4/7/2025,OOGL,146.75,76794.141
4/8/2025,OOGL,144.7,52200.207
4/9/2025,OOGL,158.71,70406.234
4/10/2025,OOGL,152.82,48021.969
4/11/2025,OOGL,157.14,33636.238
4/14/2025,OOGL,159.07,30332.961
4/15/2025,OOGL,156.31,27551.529
4/16/2025,OOGL,153.33,28187.42
4/17/2025,OOGL,151.16,33046.578
4/18/2025,OOGL,151.16,0
4/21/2025,OOGL,147.67,26049.119
4/22/2025,OOGL,151.47,26971.77
4/23/2025,OOGL,155.35,31128.83
4/24/2025,OOGL,159.28,45893.953
4/25/2025,OOGL,161.96,56034
4/28/2025,OOGL,160.61,29745.779
4/29/2025,OOGL,160.16,26808.961
4/30/2025,OOGL,158.8,34981.059
5/1/2025,OOGL,161.3,30203.25
5/2/2025,OOGL,164.03,25715.01
5/5/2025,OOGL,164.21,21341.811
5/6/2025,OOGL,163.23,21277.211
5/7/2025,OOGL,151.38,127747.602
5/8/2025,OOGL,154.28,57498.688
5/9/2025,OOGL,152.75,32435.279
5/12/2025,OOGL,158.46,44138.82
5/13/2025,OOGL,159.53,42382.129
5/14/2025,OOGL,165.37,48755.871
5/15/2025,OOGL,163.96,33146.672
5/16/2025,OOGL,166.19,42846.93
5/19/2025,OOGL,166.54,30426.1
5/20/2025,OOGL,163.98,46607.66
5/21/2025,OOGL,168.56,73415.961
5/22/2025,OOGL,170.87,74864.414
5/23/2025,OOGL,168.47,35211.441
5/26/2025,OOGL,168.47,0
5/27/2025,OOGL,172.9,37995.672
5/28/2025,OOGL,172.36,34784
5/29/2025,OOGL,171.86,29373.801
5/30/2025,OOGL,171.74,52639.91
6/2/2025,OOGL,169.03,38612.273
6/3/2025,OOGL,166.18,45084.898
6/4/2025,OOGL,168.05,26900.84
6/5/2025,OOGL,168.21,36444.559
6/6/2025,OOGL,173.68,35731.832
6/9/2025,OOGL,176.09,28935.91
6/10/2025,OOGL,178.6,61766.121
6/11/2025,OOGL,177.35,31646.76
6/12/2025,OOGL,175.7,20941.869
6/13/2025,OOGL,174.67,27663.109
6/16/2025,OOGL,176.77,27389.211
6/17/2025,OOGL,175.95,24973.039
6/18/2025,OOGL,173.32,28707.52
6/19/2025,OOGL,173.32,0
6/20/2025,OOGL,166.64,75659.922
6/23/2025,OOGL,165.19,57670.992
6/24/2025,OOGL,166.77,40524.312
6/25/2025,OOGL,170.68,35478.992
6/26/2025,OOGL,173.54,31796.689
6/27/2025,OOGL,178.53,108140.203
6/30/2025,OOGL,176.23,63378.859
11/1/2024,ZAMN,197.93,99687.852
11/4/2024,ZAMN,195.78,38492.059
11/5/2024,ZAMN,199.5,30564.779
11/6/2024,ZAMN,207.09,72292.172
11/7/2024,ZAMN,210.05,52878.379
11/8/2024,ZAMN,208.18,36075.848
11/11/2024,ZAMN,206.84,35456.008
11/12/2024,ZAMN,208.91,38942.922
11/13/2024,ZAMN,214.1,46212.941
11/14/2024,ZAMN,211.48,42620.312
11/15/2024,ZAMN,202.61,86591.133
11/18/2024,ZAMN,201.7,36512.473
11/19/2024,ZAMN,204.61,31197.869
11/20/2024,ZAMN,202.88,32768.988
11/21/2024,ZAMN,198.38,58800.039
11/22/2024,ZAMN,197.12,31530.84
11/25/2024,ZAMN,201.45,40685.672
11/26/2024,ZAMN,207.86,41673.738
11/27/2024,ZAMN,205.74,28061.641
11/28/2024,ZAMN,205.74,0
11/29/2024,ZAMN,207.89,24892.449
12/2/2024,ZAMN,210.71,39523.191
12/3/2024,ZAMN,213.44,32214.83
12/4/2024,ZAMN,218.16,48745.719
12/5/2024,ZAMN,220.55,41140.219
12/6/2024,ZAMN,227.03,44178.07
12/9/2024,ZAMN,226.09,46819.359
12/10/2024,ZAMN,225.04,31199.859
12/11/2024,ZAMN,230.26,35385.793
12/12/2024,ZAMN,228.97,28204.08
12/13/2024,ZAMN,227.46,28768.08
12/16/2024,ZAMN,232.93,37552.102
12/17/2024,ZAMN,231.15,35948.129
12/18/2024,ZAMN,220.52,43281.441
12/19/2024,ZAMN,223.29,39918.738
12/20/2024,ZAMN,224.92,88279.188
12/23/2024,ZAMN,225.06,28070.01
12/24/2024,ZAMN,229.05,15007.5
12/25/2024,ZAMN,229.05,0
12/26/2024,ZAMN,227.05,16174.5
12/27/2024,ZAMN,223.75,27367.15
12/30/2024,ZAMN,221.3,28321.24
12/31/2024,ZAMN,219.39,24819.66
1/1/2025,ZAMN,219.39,0
1/2/2025,ZAMN,220.22,33956.578
1/3/2025,ZAMN,224.19,27515.609
1/6/2025,ZAMN,227.61,31849.83
1/7/2025,ZAMN,222.11,28084.16
1/8/2025,ZAMN,222.13,25033.289
1/9/2025,ZAMN,222.13,0
1/10/2025,ZAMN,218.94,36811.527
1/13/2025,ZAMN,218.46,27262.66
1/14/2025,ZAMN,217.76,24711.65
1/15/2025,ZAMN,223.35,31291.26
1/16/2025,ZAMN,220.66,24757.279
1/17/2025,ZAMN,225.94,42370.121
1/20/2025,ZAMN,225.94,0
1/21/2025,ZAMN,230.71,39951.461
1/22/2025,ZAMN,235.01,41448.219
1/23/2025,ZAMN,235.42,26404.359
1/24/2025,ZAMN,234.85,25890.74
1/27/2025,ZAMN,235.42,49428.328
1/28/2025,ZAMN,238.15,41587.191
1/29/2025,ZAMN,237.07,26091.721
1/30/2025,ZAMN,234.64,32020.73
1/31/2025,ZAMN,237.68,36162.379
2/3/2025,ZAMN,237.42,37285.871
2/4/2025,ZAMN,242.06,29713.811
2/5/2025,ZAMN,236.17,38832.039
2/6/2025,ZAMN,238.83,60897.102
2/7/2025,ZAMN,229.15,77539.281
2/10/2025,ZAMN,233.14,35419.93
2/11/2025,ZAMN,232.76,23713.73
2/12/2025,ZAMN,228.93,32285.25
2/13/2025,ZAMN,230.37,31346.51
2/14/2025,ZAMN,228.68,27031.08
2/17/2025,ZAMN,228.68,0
2/18/2025,ZAMN,226.65,42975.129
2/19/2025,ZAMN,226.63,28566.711
2/20/2025,ZAMN,222.88,30001.67
2/21/2025,ZAMN,216.58,55323.848
2/24/2025,ZAMN,212.71,42387.594
2/25/2025,ZAMN,212.8,58957.98
2/26/2025,ZAMN,214.35,39120.602
2/27/2025,ZAMN,208.74,40548.566
2/28/2025,ZAMN,212.28,51771.738
3/3/2025,ZAMN,205.02,42948.449
3/4/2025,ZAMN,203.8,60853.078
3/5/2025,ZAMN,208.36,38610.09
3/6/2025,ZAMN,200.7,49863.762
3/7/2025,ZAMN,199.25,59802.82
3/10/2025,ZAMN,194.54,62350.93
3/11/2025,ZAMN,196.59,54002.879
3/12/2025,ZAMN,198.89,43679.281
3/13/2025,ZAMN,193.89,41270.762
3/14/2025,ZAMN,197.95,38096.66
3/17/2025,ZAMN,195.74,47341.754
3/18/2025,ZAMN,192.82,40414.871
3/19/2025,ZAMN,195.54,39442.879
3/20/2025,ZAMN,194.95,38921.113
3/21/2025,ZAMN,196.21,60056.922
3/24/2025,ZAMN,203.26,41625.367
3/25/2025,ZAMN,205.71,31171.16
3/26/2025,ZAMN,201.13,32990.969
3/27/2025,ZAMN,201.36,27317.66
3/28/2025,ZAMN,192.72,52548.23
3/31/2025,ZAMN,190.26,63547.559
4/1/2025,ZAMN,192.17,41267.32
4/2/2025,ZAMN,196.01,53679.199
4/3/2025,ZAMN,178.41,95553.617
4/4/2025,ZAMN,171,123159.398
4/7/2025,ZAMN,175.26,109327.102
4/8/2025,ZAMN,170.66,87710.359
4/9/2025,ZAMN,191.1,116804.305
4/10/2025,ZAMN,181.22,68302.047
4/11/2025,ZAMN,184.87,50594.34
4/14/2025,ZAMN,182.12,48002.539
4/15/2025,ZAMN,179.59,43641.953
4/16/2025,ZAMN,174.33,51875.32
4/17/2025,ZAMN,172.61,44726.449
4/18/2025,ZAMN,172.61,0
4/21/2025,ZAMN,167.32,48126.113
4/22/2025,ZAMN,173.18,56607.199
4/23/2025,ZAMN,180.6,63470.152
4/24/2025,ZAMN,186.54,43763.199
4/25/2025,ZAMN,188.99,36414.328
4/28/2025,ZAMN,187.7,33224.73
4/29/2025,ZAMN,187.39,41667.262
4/30/2025,ZAMN,184.42,55176.539
5/1/2025,ZAMN,190.2,74265.961
5/2/2025,ZAMN,189.98,77903.484
5/5/2025,ZAMN,186.35,35217.473
5/6/2025,ZAMN,185.01,29314.061
5/7/2025,ZAMN,188.71,44002.93
5/8/2025,ZAMN,192.08,41043.621
5/9/2025,ZAMN,193.06,29663.141
5/12/2025,ZAMN,208.64,75205.039
5/13/2025,ZAMN,211.37,56193.68
5/14/2025,ZAMN,210.25,38492.129
5/15/2025,ZAMN,205.17,64347.32
5/16/2025,ZAMN,205.59,43318.48
5/19/2025,ZAMN,206.16,34314.809
5/20/2025,ZAMN,204.07,29470.369
5/21/2025,ZAMN,201.12,42460.922
5/22/2025,ZAMN,203.1,38938.879
5/23/2025,ZAMN,200.99,33393.551
5/26/2025,ZAMN,200.99,0
5/27/2025,ZAMN,206.02,34892.039
5/28/2025,ZAMN,204.72,28549.75
5/29/2025,ZAMN,205.7,34700.008
5/30/2025,ZAMN,205.01,51679.406
6/2/2025,ZAMN,206.65,29113.32
6/3/2025,ZAMN,205.71,33139.121
6/4/2025,ZAMN,207.23,29915.59
6/5/2025,ZAMN,207.91,51979.238
6/6/2025,ZAMN,213.57,39832.5
6/9/2025,ZAMN,216.98,38102.5
6/10/2025,ZAMN,217.61,31303.32
6/11/2025,ZAMN,213.2,39325.98
6/12/2025,ZAMN,213.24,27639.99
6/13/2025,ZAMN,212.1,29337.76
6/16/2025,ZAMN,216.1,33284.16
6/17/2025,ZAMN,214.82,32086.26
6/18/2025,ZAMN,212.52,44360.512
6/19/2025,ZAMN,212.52,0
6/20/2025,ZAMN,209.69,75350.727
6/23/2025,ZAMN,208.47,37311.727
6/24/2025,ZAMN,212.77,38378.762
6/25/2025,ZAMN,211.99,31755.699
6/26/2025,ZAMN,217.12,50480.809
6/27/2025,ZAMN,223.3,119217.102
6/30/2025,ZAMN,219.39,58887.781
7/1/2025,ZAMN,220.46,39256.832
7/2/2025,ZAMN,219.92,30894.18
7/3/2025,ZAMN,223.41,29632.35
7/4/2025,ZAMN,223.41,0
7/7/2025,ZAMN,223.47,36604.141
7/8/2025,ZAMN,219.36,45691.992
7/9/2025,ZAMN,222.54,38155.121
7/10/2025,ZAMN,222.26,30370.59
7/11/2025,ZAMN,225.02,50518.312
7/14/2025,ZAMN,225.69,35702.602
7/15/2025,ZAMN,226.35,34907.289
7/16/2025,ZAMN,223.19,39535.93
7/17/2025,ZAMN,223.88,31855.83
7/18/2025,ZAMN,226.13,37833.809
7/21/2025,ZAMN,229.3,40297.559
7/22/2025,ZAMN,227.47,37483.699
7/23/2025,ZAMN,228.29,28294.85
7/24/2025,ZAMN,232.23,42902.273
7/25/2025,ZAMN,231.44,28712.1
7/28/2025,ZAMN,232.79,26300.141
7/29/2025,ZAMN,231.01,33716.219
7/30/2025,ZAMN,230.19,32993.27
7/31/2025,ZAMN,234.11,104357.297
1/1/2025,APLA,250.42,0
1/2/2025,APLA,243.85,55740.727
1/3/2025,APLA,243.36,40244.113
1/6/2025,APLA,245,45045.566
1/7/2025,APLA,242.21,40855.961
1/8/2025,APLA,242.7,37628.941
1/9/2025,APLA,242.7,0
1/10/2025,APLA,236.85,61710.859
1/13/2025,APLA,234.4,49630.727
1/14/2025,APLA,233.28,39435.289
1/15/2025,APLA,237.87,39831.969
1/16/2025,APLA,228.26,71759.047
1/17/2025,APLA,229.98,68488.305
1/20/2025,APLA,229.98,0
1/21/2025,APLA,222.64,98070.43
1/22/2025,APLA,223.83,64126.5
1/23/2025,APLA,223.66,60234.762
1/24/2025,APLA,222.78,54697.91
1/27/2025,APLA,229.86,94863.422
1/28/2025,APLA,238.26,75707.57
1/29/2025,APLA,239.36,45486.102
1/30/2025,APLA,237.59,55658.281
1/31/2025,APLA,236,101075.102
2/3/2025,APLA,228.01,73063.297
2/4/2025,APLA,232.8,45067.301
2/5/2025,APLA,232.47,39664.992
2/6/2025,APLA,233.22,29925.35
2/7/2025,APLA,227.63,39707.219
2/10/2025,APLA,227.65,33115.648
2/11/2025,APLA,232.62,53718.359
2/12/2025,APLA,236.87,45243.289
2/13/2025,APLA,241.53,53614.047
2/14/2025,APLA,244.6,40896.23
2/17/2025,APLA,244.6,0
2/18/2025,APLA,244.47,48822.488
2/19/2025,APLA,244.87,32204.221
2/20/2025,APLA,245.83,32316.91
2/21/2025,APLA,245.55,53197.434
2/24/2025,APLA,247.1,51326.398
2/25/2025,APLA,247.04,48013.273
2/26/2025,APLA,240.36,44433.559
2/27/2025,APLA,237.3,41153.641
2/28/2025,APLA,241.84,56833.359
3/3/2025,APLA,238.03,47183.992
3/4/2025,APLA,235.93,53798.059
3/5/2025,APLA,235.74,47227.641
3/6/2025,APLA,235.33,45170.422
3/7/2025,APLA,239.07,46273.566
3/10/2025,APLA,227.48,72071.203
3/11/2025,APLA,220.84,76137.406
3/12/2025,APLA,216.98,62547.473
3/13/2025,APLA,209.68,61368.328
3/14/2025,APLA,213.49,60107.578
3/17/2025,APLA,214,48073.434
3/18/2025,APLA,212.69,42432.434
3/19/2025,APLA,215.24,54385.391
3/20/2025,APLA,214.1,48862.953
3/21/2025,APLA,218.27,94127.766
3/24/2025,APLA,220.73,44299.48
3/25/2025,APLA,223.75,34493.578
3/26/2025,APLA,221.53,34532.66
3/27/2025,APLA,223.85,37094.77
3/28/2025,APLA,217.9,39818.621
3/31/2025,APLA,222.13,65299.32
4/1/2025,APLA,223.19,36412.738
4/2/2025,APLA,223.89,35905.898
4/3/2025,APLA,203.19,103419
4/4/2025,APLA,188.38,125910.898
4/7/2025,APLA,181.46,160466.297
4/8/2025,APLA,172.42,120859.508
4/9/2025,APLA,198.85,184395.906
4/10/2025,APLA,190.42,121880
4/11/2025,APLA,198.15,87435.922
4/14/2025,APLA,202.52,101352.898
4/15/2025,APLA,202.14,51343.871
4/16/2025,APLA,194.27,59732.422
4/17/2025,APLA,196.98,52164.68
4/18/2025,APLA,196.98,0
4/21/2025,APLA,193.16,46742.539
4/22/2025,APLA,199.74,52976.367
4/23/2025,APLA,204.6,52929.168
4/24/2025,APLA,208.37,47310.992
4/25/2025,APLA,209.28,38222.262
4/28/2025,APLA,210.14,38743.07
4/29/2025,APLA,211.21,36827.633
4/30/2025,APLA,212.5,52286.449
5/1/2025,APLA,213.32,57365.68
5/2/2025,APLA,205.35,101010.602
5/5/2025,APLA,198.89,69018.445
5/6/2025,APLA,198.51,51216.48
5/7/2025,APLA,196.25,68616.945
5/8/2025,APLA,197.49,50478.871
5/9/2025,APLA,198.53,36453.922
5/12/2025,APLA,210.79,63775.809
5/13/2025,APLA,212.93,51909.328
5/14/2025,APLA,212.33,49325.832
5/15/2025,APLA,211.45,45029.473
5/16/2025,APLA,211.26,54737.848
5/19/2025,APLA,208.78,46140.527
5/20/2025,APLA,206.86,42496.641
5/21/2025,APLA,202.09,59211.77
5/22/2025,APLA,201.36,46742.406
5/23/2025,APLA,195.27,78432.922
5/26/2025,APLA,195.27,0
5/27/2025,APLA,200.21,56288.48
5/28/2025,APLA,200.42,45339.68
5/29/2025,APLA,199.95,51477.941
5/30/2025,APLA,200.85,70819.938
6/2/2025,APLA,201.7,35423.289
6/3/2025,APLA,203.27,46381.566
6/4/2025,APLA,202.82,43603.992
6/5/2025,APLA,200.63,55221.238
6/6/2025,APLA,203.92,46607.688
6/9/2025,APLA,201.45,72862.562
6/10/2025,APLA,202.67,54672.609
6/11/2025,APLA,198.78,60989.859
6/12/2025,APLA,199.2,43904.641
6/13/2025,APLA,196.45,51447.352
6/16/2025,APLA,198.42,43020.688
6/17/2025,APLA,195.64,38856.152
6/18/2025,APLA,196.58,45394.688
6/19/2025,APLA,196.58,0
6/20/2025,APLA,201,96813.539
6/23/2025,APLA,201.5,55814.273
6/24/2025,APLA,200.3,54064.031
6/25/2025,APLA,201.56,39525.727
6/26/2025,APLA,201,50799.121
6/27/2025,APLA,201.08,73188.57
6/30/2025,APLA,205.17,91912.812
7/1/2025,APLA,207.82,78788.875
7/2/2025,APLA,212.44,67941.805
7/3/2025,APLA,213.55,34955.84
7/4/2025,APLA,213.55,0
7/7/2025,APLA,209.95,50228.98
7/8/2025,APLA,210.01,42848.93
7/9/2025,APLA,211.14,48749.367
7/10/2025,APLA,212.41,44443.641
7/11/2025,APLA,211.16,39765.809
7/14/2025,APLA,208.62,38840.113
7/15/2025,APLA,209.11,42296.34
7/16/2025,APLA,210.16,47490.527
7/17/2025,APLA,210.02,48068.141
7/18/2025,APLA,211.18,48974.594
7/21/2025,APLA,212.48,51377.434
7/22/2025,APLA,214.4,46404.07
7/23/2025,APLA,214.15,46989.301
7/24/2025,APLA,213.76,46022.621
7/25/2025,APLA,213.88,40268.781
7/28/2025,APLA,214.05,37858.02
7/29/2025,APLA,211.27,51411.719
7/30/2025,APLA,209.05,45512.512
7/31/2025,APLA,207.57,80698.43
11/1/2024,MTFS,410.37,24230.439
11/4/2024,MTFS,408.46,19672.289
11/5/2024,MTFS,411.46,17626.01
11/6/2024,MTFS,420.18,26681.84
11/7/2024,MTFS,425.43,19901.779
11/8/2024,MTFS,422.54,16891.41
11/11/2024,MTFS,418.01,24503.32
11/12/2024,MTFS,423.03,19401.199
11/13/2024,MTFS,425.2,21502.189
11/14/2024,MTFS,426.89,30246.881
11/15/2024,MTFS,415,28247.641
11/18/2024,MTFS,415.76,24742.01
11/19/2024,MTFS,417.79,18133.529
11/20/2024,MTFS,415.49,19191.66
11/21/2024,MTFS,412.87,20780.16
11/22/2024,MTFS,417,24814.631
11/25/2024,MTFS,418.79,27691.09
11/26/2024,MTFS,427.99,23458.891
11/27/2024,MTFS,422.99,18332.439
11/28/2024,MTFS,422.99,0
11/29/2024,MTFS,423.46,16271.92
12/2/2024,MTFS,430.98,20207.221
12/3/2024,MTFS,431.2,18301.99
12/4/2024,MTFS,437.42,26009.43
12/5/2024,MTFS,442.62,21697.779
12/6/2024,MTFS,443.57,18821
12/9/2024,MTFS,446.02,19144.391
12/10/2024,MTFS,443.33,18469.461
12/11/2024,MTFS,448.99,19200.211
12/12/2024,MTFS,449.56,20834.779
12/13/2024,MTFS,447.27,20177.83
12/16/2024,MTFS,451.59,23598.83
12/17/2024,MTFS,454.46,22733.49
12/18/2024,MTFS,437.39,24444.551
12/19/2024,MTFS,437.03,22963.68
12/20/2024,MTFS,436.6,64263.688
12/23/2024,MTFS,435.25,19152.52
12/24/2024,MTFS,439.33,7164.543
12/25/2024,MTFS,439.33,0
12/26/2024,MTFS,438.11,8199.927
12/27/2024,MTFS,430.53,18117.711
12/30/2024,MTFS,424.83,13158.7
12/31/2024,MTFS,421.5,13246.51
1/1/2025,MTFS,421.5,0
1/2/2025,MTFS,418.58,16896.471
1/3/2025,MTFS,423.35,16662.939
1/6/2025,MTFS,427.85,20573.65
1/7/2025,MTFS,422.37,18139.07
1/8/2025,MTFS,424.56,15054.58
1/9/2025,MTFS,424.56,0
1/10/2025,MTFS,418.95,20201.131
1/13/2025,MTFS,417.19,17604.779
1/14/2025,MTFS,415.67,16935.859
1/15/2025,MTFS,426.31,19637.84
1/16/2025,MTFS,424.58,15300.02
1/17/2025,MTFS,429.03,26197.51
1/20/2025,MTFS,429.03,0
1/21/2025,MTFS,428.5,26085.699
1/22/2025,MTFS,446.2,27803.811
1/23/2025,MTFS,446.71,18389.27
1/24/2025,MTFS,444.06,15549.45
1/27/2025,MTFS,434.56,35647.809
1/28/2025,MTFS,447.2,23491.699
1/29/2025,MTFS,442.33,23581.369
1/30/2025,MTFS,414.99,54586.262
1/31/2025,MTFS,415.06,34223.391
2/3/2025,MTFS,410.92,25679.15
2/4/2025,MTFS,412.37,20532.1
2/5/2025,MTFS,413.29,16336.19
2/6/2025,MTFS,415.82,16309.76
2/7/2025,MTFS,409.75,22886.84
2/10/2025,MTFS,412.22,20817.92
2/11/2025,MTFS,411.44,18140.59
2/12/2025,MTFS,409.04,19121.73
2/13/2025,MTFS,410.54,23891.73
2/14/2025,MTFS,408.43,22758.461
2/17/2025,MTFS,408.43,0
2/18/2025,MTFS,409.64,21423.051
2/19/2025,MTFS,414.77,24114.199
2/20/2025,MTFS,416.13,23508.73
2/21/2025,MTFS,408.21,27524.801
2/24/2025,MTFS,404,26443.66
2/25/2025,MTFS,397.9,29387.4
2/26/2025,MTFS,399.73,19618.949
2/27/2025,MTFS,392.53,21127.41
2/28/2025,MTFS,396.99,32845.66
3/3/2025,MTFS,388.49,23007.73
3/4/2025,MTFS,388.61,29342.92
3/5/2025,MTFS,401.02,23433.131
3/6/2025,MTFS,396.89,23304.631
3/7/2025,MTFS,393.31,22034.09
3/10/2025,MTFS,380.16,32840.129
3/11/2025,MTFS,380.45,30380.18
3/12/2025,MTFS,383.27,24253.57
3/13/2025,MTFS,378.77,20473.02
3/14/2025,MTFS,388.56,19952.85
3/17/2025,MTFS,388.7,22474.27
3/18/2025,MTFS,383.52,19486.85
3/19/2025,MTFS,387.82,19185.529
3/20/2025,MTFS,386.84,18470.539
3/21/2025,MTFS,391.26,39675.93
3/24/2025,MTFS,393.08,21004.551
3/25/2025,MTFS,395.16,15774.97
3/26/2025,MTFS,389.97,16132.91
3/27/2025,MTFS,390.58,13766.76
3/28/2025,MTFS,378.8,21632.02
3/31/2025,MTFS,375.39,35184.68
4/1/2025,MTFS,382.19,19689.5
4/2/2025,MTFS,382.14,16092.56
4/3/2025,MTFS,373.11,30198
4/4/2025,MTFS,359.84,49209.848
4/7/2025,MTFS,357.86,50425
4/8/2025,MTFS,354.56,35868.922
4/9/2025,MTFS,390.49,50199.699
4/10/2025,MTFS,381.35,38024.367
4/11/2025,MTFS,388.45,23839.221
4/14/2025,MTFS,387.81,19251.17
4/15/2025,MTFS,385.73,17199.891
4/16/2025,MTFS,371.61,21967.83
4/17/2025,MTFS,367.78,21120.189
4/18/2025,MTFS,367.78,0
4/21/2025,MTFS,359.12,20807.279
4/22/2025,MTFS,366.82,19484.99
4/23/2025,MTFS,374.39,20545.529
4/24/2025,MTFS,387.3,22232.289
4/25/2025,MTFS,391.85,18973.17
4/28/2025,MTFS,391.16,16579.43
4/29/2025,MTFS,394.04,14973.98
4/30/2025,MTFS,395.26,36461.078
5/1/2025,MTFS,425.4,58938.102
5/2/2025,MTFS,435.28,30757.43
5/5/2025,MTFS,436.17,20136.051
5/6/2025,MTFS,433.31,15104.2
5/7/2025,MTFS,433.35,23307.24
5/8/2025,MTFS,438.17,23491.33
5/9/2025,MTFS,438.73,15324.23
5/12/2025,MTFS,449.26,22821.939
5/13/2025,MTFS,449.14,23618.82
5/14/2025,MTFS,452.94,19902.801
5/15/2025,MTFS,453.13,21992.32
5/16/2025,MTFS,454.27,23849.779
5/19/2025,MTFS,458.87,21336.51
5/20/2025,MTFS,458.17,15441.81
5/21/2025,MTFS,452.57,19216.91
5/22/2025,MTFS,454.86,18025.609
5/23/2025,MTFS,450.18,16883.51
5/26/2025,MTFS,450.18,0
5/27/2025,MTFS,460.69,20974.289
5/28/2025,MTFS,457.36,17086.26
5/29/2025,MTFS,458.68,13982.21
5/30/2025,MTFS,460.36,34770.48
,,,
,,,
,,,
,,,
,,,
,,,
,,,
,,,
,,,
,,,
,,,
,,,
,,,
,,,
,,,
,,,
,,,
,,,
,,,
,,,
,,,
,,,
,,,
,,,
,,,
,,,
,,,
,,,
,,,
,,,
,,,
,,,
,,,
,,,
,,,
,,,
,,,
,,,
,,,
,,,
,,,
,,,
,,,
,,,
1/10/2025,ASLT,394.74,62287.328
1/13/2025,ASLT,403.31,67580.484
1/14/2025,ASLT,396.36,84565.023
1/15/2025,ASLT,428.22,81375.453
1/16/2025,ASLT,413.82,68335.148
1/17/2025,ASLT,426.5,94991.43
1/20/2025,ASLT,426.5,0
1/21/2025,ASLT,424.07,87320.891
1/22/2025,ASLT,415.11,60963.34
1/23/2025,ASLT,412.38,50690.594
1/24/2025,ASLT,406.58,56427.152
1/27/2025,ASLT,397.15,58125.512
1/28/2025,ASLT,398.09,48910.68
1/29/2025,ASLT,389.1,68033.648
1/30/2025,ASLT,400.28,98092.883
1/31/2025,ASLT,404.6,83568.227
2/3/2025,ASLT,383.68,93732.117
2/4/2025,ASLT,392.21,57072.238
2/5/2025,ASLT,378.17,57614.719
2/6/2025,ASLT,374.32,77918.234
2/7/2025,ASLT,361.62,70298.258
2/10/2025,ASLT,350.73,77514.898
2/11/2025,ASLT,328.5,118543.398
2/12/2025,ASLT,336.51,105382.703
2/13/2025,ASLT,355.94,89441.523
2/14/2025,ASLT,355.84,68277.281
2/17/2025,ASLT,355.84,0
2/18/2025,ASLT,354.11,51631.699
2/19/2025,ASLT,360.56,67094.367
2/20/2025,ASLT,354.4,45965.352
2/21/2025,ASLT,337.8,74058.648
2/24/2025,ASLT,330.53,76052.32
2/25/2025,ASLT,302.8,134228.797
2/26/2025,ASLT,290.8,100118.305
2/27/2025,ASLT,281.95,101748.203
2/28/2025,ASLT,292.98,115697
3/3/2025,ASLT,284.65,115551.398
3/4/2025,ASLT,272.04,126706.602
3/5/2025,ASLT,279.1,94042.914
3/6/2025,ASLT,263.45,98451.57
3/7/2025,ASLT,262.67,102369.602
3/10/2025,ASLT,222.15,189076.891
3/11/2025,ASLT,230.58,174896.406
3/12/2025,ASLT,248.09,142215.703
3/13/2025,ASLT,240.68,114813.508
3/14/2025,ASLT,249.98,100242.305
3/17/2025,ASLT,238.01,111900.602
3/18/2025,ASLT,225.31,111477.602
3/19/2025,ASLT,235.86,111993.797
3/20/2025,ASLT,236.26,99028.273
3/21/2025,ASLT,248.71,132728.703
3/24/2025,ASLT,278.39,169079.906
3/25/2025,ASLT,288.14,150361.5
3/26/2025,ASLT,272.06,156254.406
3/27/2025,ASLT,273.13,162572.094
3/28/2025,ASLT,263.55,123809.398
3/31/2025,ASLT,259.16,134008.891
4/1/2025,ASLT,268.46,146486.891
4/2/2025,ASLT,282.76,212787.812
4/3/2025,ASLT,267.28,136174.297
4/4/2025,ASLT,239.43,181229.406
4/7/2025,ASLT,233.29,183453.797
4/8/2025,ASLT,221.86,171603.5
4/9/2025,ASLT,272.2,219433.406
4/10/2025,ASLT,252.4,181722.594
4/11/2025,ASLT,252.31,128948.094
4/14/2025,ASLT,252.35,100135.203
4/15/2025,ASLT,254.11,79594.32
4/16/2025,ASLT,241.55,112378.703
4/17/2025,ASLT,241.37,83404.781
4/18/2025,ASLT,241.37,0
4/21/2025,ASLT,227.5,97768.008
4/22/2025,ASLT,237.97,120858.492
4/23/2025,ASLT,250.74,150381.906
4/24/2025,ASLT,259.51,94464.203
4/25/2025,ASLT,284.95,167560.703
4/28/2025,ASLT,285.88,151731.812
4/29/2025,ASLT,292.03,108906.602
4/30/2025,ASLT,282.16,128961.102
5/1/2025,ASLT,280.52,99658.969
5/2/2025,ASLT,287.21,114454.703
5/5/2025,ASLT,280.26,94618.883
5/6/2025,ASLT,275.35,76715.789
5/7/2025,ASLT,276.22,71882.406
5/8/2025,ASLT,284.82,97539.445
5/9/2025,ASLT,298.26,132387.797
5/12/2025,ASLT,318.38,112826.703
5/13/2025,ASLT,334.07,136992.609
5/14/2025,ASLT,347.68,136997.297
5/15/2025,ASLT,342.82,97882.602
5/16/2025,ASLT,349.98,95895.672
5/19/2025,ASLT,342.09,88869.852
5/20/2025,ASLT,343.82,131715.5
5/21/2025,ASLT,334.62,102354.797
5/22/2025,ASLT,341.04,97113.422
5/23/2025,ASLT,339.34,84654.812
5/26/2025,ASLT,339.34,0
5/27/2025,ASLT,362.89,120146.398
5/28/2025,ASLT,356.9,91404.312
5/29/2025,ASLT,358.43,88545.672
5/30/2025,ASLT,346.46,123474.898
6/2/2025,ASLT,342.69,81873.828
6/3/2025,ASLT,344.27,99324.547
6/4/2025,ASLT,332.05,98912.078
6/5/2025,ASLT,284.7,292818.688
6/6/2025,ASLT,295.14,164747.703
6/9/2025,ASLT,308.58,140908.891
6/10/2025,ASLT,326.09,151256.5
6/11/2025,ASLT,326.43,122611.398
6/12/2025,ASLT,319.11,105127.508
6/13/2025,ASLT,325.31,128964.305
6/16/2025,ASLT,329.13,83925.859
6/17/2025,ASLT,316.35,88282.672
6/18/2025,ASLT,322.05,95137.688
6/19/2025,ASLT,322.05,0
6/20/2025,ASLT,322.16,108688
6/23/2025,ASLT,348.68,190716.797
6/24/2025,ASLT,340.47,114736.203
6/25/2025,ASLT,327.55,119845.102
6/26/2025,ASLT,325.78,80440.914
6/27/2025,ASLT,323.63,89067.047
6/30/2025,ASLT,317.66,76695.078
7/1/2025,ASLT,300.71,145085.703
7/2/2025,ASLT,315.65,119483.695
7/3/2025,ASLT,315.35,58042.301
7/4/2025,ASLT,315.35,0
7/7/2025,ASLT,293.94,131177.906
7/8/2025,ASLT,297.81,103246.703
7/9/2025,ASLT,295.88,75586.766
7/10/2025,ASLT,309.87,104365.297
7/11/2025,ASLT,313.51,79236.438
7/14/2025,ASLT,316.9,78043.43
7/15/2025,ASLT,310.78,77556.352
7/16/2025,ASLT,321.67,97284.789
7/17/2025,ASLT,319.41,73922.875
7/18/2025,ASLT,329.65,94254.992
7/21/2025,ASLT,328.49,75768.797
7/22/2025,ASLT,332.11,77370.367
7/23/2025,ASLT,332.56,92553.758
7/24/2025,ASLT,305.3,156966
7/25/2025,ASLT,316.06,148227.016
7/28/2025,ASLT,325.59,112673.797
7/29/2025,ASLT,321.2,87358.867
7/30/2025,ASLT,319.04,83931.938
7/31/2025,ASLT,308.27,85270.922
